CREATE TABLE CUSTOMER (CUST int, cname varchar2(25), city varchar2(25), PRIMARY KEY(CUST));
CREATE TABLE CORDER (orderNO int, odate date, cust int, ordAmt int,PRIMARY KEY(ORDERNO), FOREIGN KEY(CUST) REFERENCES CUSTOMER(CUST) ON DELETE CASCADE);
CREATE TABLE ITEM (item  int, unit_price int,PRIMARY KEY(ITEM));
CREATE TABLE ORDER_ITEM (orderNO  int, item  int, qty int,PRIMARY KEY(orderNO),FOREIGN KEY(orderNO) REFERENCES CORDER(orderNO) ON DELETE CASCADE,FOREIGN KEY(ITEM) REFERENCES ITEM(ITEM) ON DELETE CASCADE);
CREATE TABLE WAREHOUSE (warehouse  int, city varchar2(25), PRIMARY KEY(warehouse));
CREATE TABLE SHIPMENT (orderNO  int, warehouse  int, ship_date date, FOREIGN KEY(orderNO) REFERENCES ORDER_ITEM(orderNO) ON DELETE CASCADE, FOREIGN KEY(warehouse) REFERENCES warehouse(warehouse) ON DELETE CASCADE);
INSERT INTO CUSTOMER VALUES('771','PUSHPA K' ,'BANGALORE');
INSERT INTO CUSTOMER VALUES('772','SUMAN' ,'MUMBAI');
INSERT INTO CUSTOMER VALUES('773','SOURAV' ,'CALICUT');
INSERT INTO CUSTOMER VALUES('774','LAILA' ,'HYDERABAD');
INSERT INTO CUSTOMER VALUES('775','FAIZAL' ,'BANGALORE');
SELECT * FROM CUSTOMER;
INSERT INTO CORDER VALUES(111, '22-JAN-02', 771, 18000);
INSERT INTO CORDER VALUES(112, '30-JUL-02', 774, 6000);
INSERT INTO CORDER VALUES(113, '03-APR-03', 775, 9000);
INSERT INTO CORDER VALUES(114, '03-NOV-03', 775, 29000);
INSERT INTO CORDER VALUES(115, '10-DEC-03', 773, 29000);
INSERT INTO CORDER VALUES(116, '19-AUG-04', 772, 56000);
INSERT INTO CORDER VALUES(117, '10-SEP-04', 771, 20000);
INSERT INTO CORDER VALUES(118, '20-NOV-04', 775, 29000);
INSERT INTO CORDER VALUES(119, '13-FEB-05', 774, 29000);
INSERT INTO CORDER VALUES(120, '13-OCT-05', 775, 29000);
SELECT * FROM CORDER;
INSERT INTO ITEM VALUES(5001, 503);
INSERT INTO ITEM VALUES(5002, 750);
INSERT INTO ITEM VALUES(5003, 150);
INSERT INTO ITEM VALUES(5004, 600);
INSERT INTO ITEM VALUES(5005, 890);
SELECT * FROM  ITEM;
INSERT INTO ORDER_ITEM VALUES(111, 5001, 50);
INSERT INTO ORDER_ITEM VALUES(112, 5003, 20);
INSERT INTO ORDER_ITEM VALUES(113, 5002, 50);
INSERT INTO ORDER_ITEM VALUES(114, 5005, 60);
INSERT INTO ORDER_ITEM VALUES(115, 5004, 90);
INSERT INTO ORDER_ITEM VALUES(116, 5001, 10);
INSERT INTO ORDER_ITEM VALUES(117, 5003, 80);
INSERT INTO ORDER_ITEM VALUES(118, 5005, 50);
INSERT INTO ORDER_ITEM VALUES(119, 5002, 10);
INSERT INTO ORDER_ITEM VALUES(120, 5004, 45);
SELECT * FROM  ORDER_ITEM;
INSERT INTO WAREHOUSE VALUES( 1, 'DELHI');
INSERT INTO WAREHOUSE VALUES(2, 'BOMBAY');
INSERT INTO WAREHOUSE VALUES(3, 'CHENNAI');
INSERT INTO WAREHOUSE VALUES(4, 'BANGALORE');
INSERT INTO WAREHOUSE VALUES(5, 'BANGALORE');
INSERT INTO WAREHOUSE VALUES(6, 'DELHI');
INSERT INTO WAREHOUSE VALUES(7, 'BOMBAY');
INSERT INTO WAREHOUSE VALUES(8, 'CHENNAI');
INSERT INTO WAREHOUSE VALUES(9, 'DELHI');
INSERT INTO WAREHOUSE VALUES(10, 'BANGALORE');
SELECT * FROM WAREHOUSE;

INSERT INTO SHIPMENT VALUES(111, 1, '10-FEB-02');
INSERT INTO SHIPMENT VALUES(112, 5, '10-SEP-02');
INSERT INTO SHIPMENT VALUES(113, 8, '10-FEB-03');
INSERT INTO SHIPMENT VALUES(114, 3, '10-DEC-03');
INSERT INTO SHIPMENT VALUES(115, 9, '19-JAN-04');
INSERT INTO SHIPMENT VALUES(116, 1, '20-SEP-04');
INSERT INTO SHIPMENT VALUES(117, 5, '10-SEP-04');
INSERT INTO SHIPMENT VALUES(118, 7, '30-NOV-04');
INSERT INTO SHIPMENT VALUES(119, 7, '30-APR-05');
INSERT INTO SHIPMENT VALUES(120, 6, '21-DEC-05');
SELECT * FROM SHIPMENT;
